area_type,availability,location,size,society,total_sqft,bath,balcony,price
Plot Area,Immediate Possession,Chennai,3 BHK,Brigade,1168,2,0,90.66
Carpet Area,In 1 year,Delhi,2 BHK,Brigade,2018,3,0,133.24
Super built-up Area,Ready To Move,Hyderabad,4 BHK,Godrej,2777,3,1,307.61
Plot Area,Ready To Move,Bangalore,3 BHK,Sobha,2567,3,0,230.97
Plot Area,Ready To Move,Hyderabad,2 BHK,Prestige,1449,2,2,79.58
Carpet Area,Ready To Move,Bangalore,4 BHK,Prestige,2695,1,2,323.87
Super built-up Area,In 2 years,Mumbai,1 BHK,,902,1,0,53.81
Super built-up Area,Ready To Move,Bangalore,3 BHK,,1095,3,0,99.05
Plot Area,In 2 years,Chennai,1 BHK,Prestige,2914,2,2,116.68
Built-up Area,In 2 years,Delhi,4 BHK,Brigade,1937,2,0,251.39
Plot Area,Ready To Move,Mumbai,3 BHK,Brigade,1657,2,2,186.62
Plot Area,Ready To Move,Bangalore,4 BHK,,2242,2,1,270.38
Plot Area,Immediate Possession,Hyderabad,1 BHK,Godrej,1806,2,2,82.26
Plot Area,In 1 year,Mumbai,3 BHK,Prestige,572,1,1,65.65
Carpet Area,Ready To Move,Mumbai,1 BHK,,980,1,0,59.94
Super built-up Area,Immediate Possession,Bangalore,4 BHK,,1059,1,0,125.96
Carpet Area,Immediate Possession,Mumbai,4 BHK,Prestige,1244,3,1,188.22
Carpet Area,In 1 year,Hyderabad,1 BHK,Prestige,1966,2,0,87.44
Carpet Area,In 2 years,Mumbai,3 BHK,Brigade,599,3,1,69.18
Plot Area,Ready To Move,Hyderabad,1 BHK,Godrej,1582,2,0,70.25
Built-up Area,In 1 year,Bangalore,4 BHK,Godrej,2805,1,2,338.76
Super built-up Area,Ready To Move,Delhi,1 BHK,Prestige,912,3,0,48.98
Built-up Area,Immediate Possession,Mumbai,4 BHK,Sobha,1588,1,2,238.85
Carpet Area,Immediate Possession,Delhi,1 BHK,,1677,2,2,86.24
Carpet Area,In 2 years,Hyderabad,3 BHK,,2508,2,1,207.8
Built-up Area,Immediate Possession,Mumbai,3 BHK,Prestige,2813,2,0,318.61
Built-up Area,Immediate Possession,Chennai,1 BHK,Sobha,1320,1,1,53.86
Built-up Area,In 1 year,Delhi,1 BHK,Brigade,1161,2,0,59.22
Carpet Area,Ready To Move,Mumbai,3 BHK,Prestige,1059,1,2,119.19
Carpet Area,Ready To Move,Delhi,4 BHK,Prestige,1771,3,2,233.46
Super built-up Area,In 1 year,Mumbai,3 BHK,,2313,2,0,261.06
Super built-up Area,In 2 years,Bangalore,4 BHK,Prestige,1109,2,0,134.4
Carpet Area,Ready To Move,Delhi,1 BHK,Prestige,2961,2,1,156.59
Built-up Area,Immediate Possession,Chennai,1 BHK,Prestige,524,3,0,22.31
Built-up Area,Ready To Move,Chennai,4 BHK,,2528,2,0,254.59
Super built-up Area,Immediate Possession,Hyderabad,1 BHK,Brigade,783,1,0,35.36
Carpet Area,In 2 years,Mumbai,4 BHK,Brigade,1972,1,1,296.93
Super built-up Area,In 1 year,Delhi,2 BHK,Prestige,800,2,0,53.38
Super built-up Area,Ready To Move,Hyderabad,3 BHK,,1591,2,2,131.71
Plot Area,In 1 year,Delhi,2 BHK,Brigade,1530,3,1,100.5
Plot Area,Ready To Move,Mumbai,4 BHK,Brigade,1316,3,1,198.05
Plot Area,Immediate Possession,Chennai,3 BHK,Brigade,582,3,2,43.51
Built-up Area,In 1 year,Bangalore,4 BHK,,2420,2,2,292.64
Carpet Area,Ready To Move,Chennai,3 BHK,,2593,3,2,195.99
Carpet Area,Immediate Possession,Hyderabad,3 BHK,Prestige,1117,3,0,94.85
Carpet Area,In 1 year,Bangalore,3 BHK,Godrej,2809,1,2,254.88
Carpet Area,In 1 year,Hyderabad,3 BHK,Brigade,675,3,0,57.24
Plot Area,Ready To Move,Mumbai,4 BHK,Godrej,1689,1,1,252.54
Built-up Area,Ready To Move,Bangalore,3 BHK,,1341,1,1,120.99
Built-up Area,Ready To Move,Hyderabad,3 BHK,,869,3,2,72.52
Plot Area,Immediate Possession,Mumbai,2 BHK,,2318,1,0,172.37
Built-up Area,Ready To Move,Chennai,1 BHK,Godrej,2601,2,2,104.54
Plot Area,In 1 year,Mumbai,1 BHK,,1189,2,2,72.27
Carpet Area,In 1 year,Delhi,2 BHK,Prestige,2279,3,0,148.99
Plot Area,Ready To Move,Mumbai,2 BHK,,1864,2,2,140.03
Carpet Area,Ready To Move,Mumbai,4 BHK,Sobha,1932,1,1,289.02
Carpet Area,In 2 years,Delhi,4 BHK,Godrej,866,2,2,113.78
Super built-up Area,In 1 year,Hyderabad,4 BHK,Sobha,1143,3,0,129.1
Plot Area,Immediate Possession,Hyderabad,2 BHK,,2926,3,0,163.71
Super built-up Area,In 2 years,Mumbai,2 BHK,Prestige,572,1,1,44.05
Plot Area,Ready To Move,Delhi,3 BHK,Brigade,1771,3,0,174.85
Plot Area,Ready To Move,Delhi,4 BHK,,1359,2,0,177.54
Super built-up Area,In 1 year,Chennai,4 BHK,Prestige,542,3,1,53.9
Super built-up Area,Ready To Move,Hyderabad,4 BHK,Godrej,2924,1,2,321.77
Plot Area,Immediate Possession,Bangalore,1 BHK,Sobha,1564,3,1,75.6
Built-up Area,In 1 year,Hyderabad,3 BHK,Sobha,2717,2,2,225.31
Carpet Area,Ready To Move,Hyderabad,4 BHK,Sobha,2759,1,1,305.22
Super built-up Area,In 1 year,Chennai,4 BHK,Godrej,2016,2,2,204.57
Carpet Area,Ready To Move,Bangalore,4 BHK,Prestige,2586,1,1,310.88
Built-up Area,Ready To Move,Chennai,1 BHK,Godrej,868,3,2,34.55
Built-up Area,Ready To Move,Bangalore,1 BHK,Sobha,650,1,1,31.76
Built-up Area,Immediate Possession,Mumbai,2 BHK,,1634,1,2,123.14
Super built-up Area,Immediate Possession,Bangalore,3 BHK,Brigade,2003,3,1,182.45
Built-up Area,In 1 year,Chennai,2 BHK,Godrej,1959,2,0,98.93
Super built-up Area,Ready To Move,Hyderabad,3 BHK,Godrej,1570,3,2,131.09
Built-up Area,Ready To Move,Bangalore,1 BHK,Prestige,1523,1,1,72.97
Carpet Area,Immediate Possession,Bangalore,4 BHK,Prestige,2098,3,2,252.95
Carpet Area,Ready To Move,Delhi,2 BHK,Godrej,2540,1,2,166.11
Plot Area,Immediate Possession,Hyderabad,4 BHK,Sobha,1889,3,1,207.28
Carpet Area,Ready To Move,Mumbai,2 BHK,Brigade,568,3,2,43.78
Plot Area,In 1 year,Chennai,1 BHK,Prestige,2846,2,1,115.53
Carpet Area,Ready To Move,Mumbai,1 BHK,Sobha,1443,1,0,88.72
Super built-up Area,Ready To Move,Hyderabad,1 BHK,,1301,2,2,57.85
Carpet Area,In 2 years,Bangalore,2 BHK,Prestige,2843,1,0,172.27
Plot Area,Immediate Possession,Bangalore,3 BHK,Sobha,2750,3,2,250.69
Plot Area,Ready To Move,Hyderabad,2 BHK,Sobha,560,1,2,30.91
Built-up Area,Ready To Move,Bangalore,3 BHK,Brigade,1445,2,2,130.49
Super built-up Area,In 2 years,Bangalore,2 BHK,Brigade,1837,2,1,111.04
Carpet Area,In 2 years,Bangalore,2 BHK,,1684,2,0,101.96
Built-up Area,Immediate Possession,Chennai,1 BHK,Sobha,830,1,2,34.79
Carpet Area,In 2 years,Chennai,4 BHK,Sobha,2051,2,1,205.33
Carpet Area,In 1 year,Delhi,4 BHK,Brigade,837,2,2,111.35
Built-up Area,In 2 years,Mumbai,3 BHK,Prestige,2129,2,1,239.71
Built-up Area,In 1 year,Hyderabad,4 BHK,Prestige,1827,3,2,201.21
Built-up Area,Immediate Possession,Hyderabad,2 BHK,Godrej,2026,3,0,113.45
Built-up Area,Immediate Possession,Hyderabad,2 BHK,Brigade,2173,1,0,121.25
Built-up Area,Immediate Possession,Delhi,1 BHK,Godrej,1861,1,2,97.45
Carpet Area,Immediate Possession,Chennai,1 BHK,Brigade,2073,2,1,84.36
Built-up Area,Immediate Possession,Delhi,4 BHK,,774,3,2,104.07
Super built-up Area,In 1 year,Hyderabad,3 BHK,Sobha,1687,2,1,141.42
Plot Area,In 1 year,Mumbai,4 BHK,,2866,2,2,430.93
Built-up Area,Immediate Possession,Bangalore,4 BHK,Brigade,2934,3,1,353.15
Built-up Area,In 2 years,Chennai,4 BHK,Sobha,2493,3,0,251.9
Carpet Area,Ready To Move,Chennai,4 BHK,Prestige,1369,3,2,139.23
Built-up Area,Immediate Possession,Delhi,2 BHK,Prestige,1514,1,0,99.33
Built-up Area,In 2 years,Chennai,3 BHK,Godrej,2411,1,0,181.0
Built-up Area,Ready To Move,Hyderabad,2 BHK,Brigade,1102,2,2,61.53
Carpet Area,Immediate Possession,Hyderabad,3 BHK,Brigade,2299,1,2,190.02
Built-up Area,Immediate Possession,Delhi,1 BHK,Prestige,1190,3,1,63.07
Plot Area,In 1 year,Hyderabad,4 BHK,,993,3,1,110.13
Carpet Area,Ready To Move,Mumbai,2 BHK,Sobha,989,1,0,74.94
Plot Area,Ready To Move,Delhi,3 BHK,,889,2,1,87.03
Carpet Area,In 2 years,Mumbai,1 BHK,,794,2,1,48.82
Built-up Area,In 1 year,Bangalore,1 BHK,Prestige,1892,1,2,89.22
Plot Area,In 1 year,Mumbai,4 BHK,Prestige,2217,2,1,332.95
Carpet Area,In 1 year,Bangalore,3 BHK,Prestige,1148,2,0,105.42
Super built-up Area,In 1 year,Bangalore,2 BHK,Godrej,2373,2,1,142.48
Built-up Area,Ready To Move,Mumbai,4 BHK,,1067,3,0,162.14
Carpet Area,Ready To Move,Delhi,2 BHK,Brigade,944,3,2,62.04
Super built-up Area,Immediate Possession,Hyderabad,1 BHK,Sobha,862,1,0,39.2
Carpet Area,Immediate Possession,Hyderabad,2 BHK,Godrej,2670,3,1,148.05
Super built-up Area,In 1 year,Bangalore,2 BHK,Brigade,1711,2,2,103.32
Built-up Area,In 1 year,Bangalore,4 BHK,,1241,3,1,150.47
Plot Area,In 1 year,Delhi,2 BHK,Prestige,2541,1,2,164.32
Super built-up Area,Immediate Possession,Chennai,4 BHK,,1179,3,2,120.37
Carpet Area,In 2 years,Mumbai,1 BHK,Sobha,2967,2,1,180.32
Built-up Area,In 2 years,Bangalore,4 BHK,Godrej,2142,2,1,257.68
Super built-up Area,Immediate Possession,Hyderabad,4 BHK,Godrej,2072,1,2,228.94
Carpet Area,Immediate Possession,Delhi,3 BHK,Sobha,1858,3,2,183.43
Carpet Area,Immediate Possession,Mumbai,2 BHK,Brigade,2639,3,1,199.33
Carpet Area,Immediate Possession,Delhi,1 BHK,Brigade,562,3,0,29.62
Super built-up Area,Immediate Possession,Mumbai,4 BHK,Godrej,1662,2,1,251.89
Super built-up Area,Immediate Possession,Mumbai,1 BHK,Godrej,1728,1,2,103.79
Super built-up Area,In 1 year,Bangalore,3 BHK,Prestige,755,3,1,68.84
Plot Area,In 1 year,Delhi,2 BHK,Brigade,634,2,0,43.85
Super built-up Area,In 1 year,Delhi,4 BHK,Sobha,1374,2,1,180.23
Super built-up Area,In 1 year,Hyderabad,2 BHK,Brigade,1321,2,2,73.91
Super built-up Area,Immediate Possession,Hyderabad,3 BHK,Prestige,2635,3,1,217.92
Plot Area,In 2 years,Bangalore,3 BHK,Godrej,1322,3,2,121.28
Super built-up Area,Ready To Move,Bangalore,1 BHK,Godrej,1473,3,2,75.1
Carpet Area,Immediate Possession,Chennai,4 BHK,Prestige,2277,3,1,230.08
Super built-up Area,Ready To Move,Hyderabad,1 BHK,Sobha,620,3,2,29.28
Carpet Area,In 2 years,Mumbai,3 BHK,Godrej,2137,3,2,242.63
Carpet Area,In 1 year,Delhi,2 BHK,,1864,3,0,122.33
Carpet Area,In 2 years,Bangalore,1 BHK,Godrej,1507,3,0,73.5
Plot Area,Immediate Possession,Delhi,1 BHK,,1424,3,0,75.2
Plot Area,In 1 year,Delhi,2 BHK,Prestige,1144,2,0,74.79
Plot Area,Immediate Possession,Chennai,1 BHK,Prestige,2532,3,2,102.43
Super built-up Area,In 1 year,Hyderabad,2 BHK,Godrej,2568,1,1,141.38
Carpet Area,Ready To Move,Bangalore,4 BHK,Brigade,741,2,2,89.68
Plot Area,Ready To Move,Delhi,2 BHK,,2850,3,2,186.48
Plot Area,Ready To Move,Bangalore,4 BHK,Sobha,2119,1,2,255.02
Super built-up Area,In 2 years,Mumbai,2 BHK,Godrej,1302,3,1,99.23
Plot Area,Immediate Possession,Chennai,3 BHK,Sobha,1463,1,0,110.39
Super built-up Area,In 2 years,Mumbai,3 BHK,Godrej,568,1,2,65.92
Built-up Area,Ready To Move,Bangalore,4 BHK,Brigade,1652,1,2,198.82
Plot Area,Immediate Possession,Bangalore,4 BHK,Brigade,695,1,0,86.11
Built-up Area,Ready To Move,Hyderabad,3 BHK,Brigade,2687,2,2,223.03
Super built-up Area,In 2 years,Delhi,4 BHK,Brigade,2830,2,1,368.45
Carpet Area,In 2 years,Delhi,2 BHK,Prestige,2859,1,2,187.68
Plot Area,In 2 years,Mumbai,2 BHK,Prestige,1245,3,2,94.8
Super built-up Area,Ready To Move,Chennai,3 BHK,,2188,1,0,162.21
Carpet Area,Immediate Possession,Delhi,1 BHK,Sobha,776,2,2,41.35
Carpet Area,Immediate Possession,Hyderabad,2 BHK,Godrej,560,3,2,32.05
Built-up Area,Ready To Move,Mumbai,4 BHK,Godrej,2413,2,1,364.56
Super built-up Area,Immediate Possession,Mumbai,1 BHK,Prestige,2599,2,0,156.04
Carpet Area,Ready To Move,Hyderabad,1 BHK,Godrej,2700,3,0,119.97
Plot Area,Immediate Possession,Chennai,2 BHK,Prestige,2272,1,1,115.37
Plot Area,In 1 year,Hyderabad,2 BHK,,1834,1,2,101.76
Built-up Area,In 1 year,Chennai,1 BHK,Sobha,2337,1,0,93.81
Carpet Area,In 2 years,Hyderabad,1 BHK,,1066,1,0,46.65
Super built-up Area,In 1 year,Hyderabad,3 BHK,Brigade,2071,3,2,172.71
Plot Area,In 1 year,Bangalore,4 BHK,Brigade,1121,3,2,135.99
Carpet Area,In 1 year,Mumbai,3 BHK,Brigade,2525,3,0,284.79
Carpet Area,Ready To Move,Hyderabad,2 BHK,,1700,2,2,93.78
Built-up Area,In 1 year,Hyderabad,3 BHK,Godrej,813,3,0,67.76
Plot Area,In 1 year,Delhi,3 BHK,Sobha,2644,1,2,257.3
Plot Area,In 2 years,Mumbai,3 BHK,Brigade,1736,2,2,197.23
Super built-up Area,In 1 year,Delhi,3 BHK,Brigade,636,1,1,63.31
Plot Area,In 1 year,Mumbai,4 BHK,Brigade,1529,1,2,230.79
Super built-up Area,Immediate Possession,Delhi,4 BHK,Sobha,2656,3,1,346.78
Plot Area,In 2 years,Hyderabad,1 BHK,Brigade,1161,3,2,52.34
Built-up Area,In 2 years,Hyderabad,2 BHK,Sobha,2972,1,0,163.74
Plot Area,In 2 years,Bangalore,3 BHK,Brigade,2808,1,0,254.24
Super built-up Area,In 2 years,Delhi,1 BHK,,586,2,2,29.65
Super built-up Area,In 2 years,Chennai,1 BHK,,2623,3,2,105.91
Built-up Area,In 2 years,Bangalore,1 BHK,Sobha,2961,2,0,142.24
Plot Area,Ready To Move,Delhi,4 BHK,,1808,2,2,237.4
Plot Area,In 1 year,Delhi,3 BHK,Sobha,2200,2,1,215.02
Built-up Area,In 2 years,Bangalore,3 BHK,,994,1,1,88.32
Plot Area,In 1 year,Hyderabad,2 BHK,,2147,2,1,119.31
Plot Area,In 1 year,Delhi,3 BHK,Sobha,2442,2,1,238.72
Super built-up Area,Ready To Move,Hyderabad,3 BHK,Godrej,1568,1,1,129.3
Plot Area,In 2 years,Bangalore,1 BHK,,1924,3,2,93.19
Plot Area,Immediate Possession,Hyderabad,2 BHK,Brigade,1096,3,2,61.08
Built-up Area,Ready To Move,Mumbai,3 BHK,Godrej,949,2,1,108.47
Built-up Area,Immediate Possession,Chennai,4 BHK,Sobha,984,1,2,99.12
Carpet Area,In 1 year,Delhi,3 BHK,Godrej,1145,3,2,112.94
Super built-up Area,In 1 year,Chennai,1 BHK,Prestige,2129,2,1,85.06
Plot Area,Ready To Move,Hyderabad,4 BHK,Prestige,1161,2,2,128.54
Plot Area,Ready To Move,Delhi,1 BHK,,1257,1,2,66.12
Carpet Area,Immediate Possession,Hyderabad,3 BHK,,788,2,2,66.31
Plot Area,In 2 years,Mumbai,4 BHK,Brigade,1220,3,1,184.66
Super built-up Area,Immediate Possession,Bangalore,2 BHK,Godrej,1137,1,2,67.8
Carpet Area,Ready To Move,Delhi,2 BHK,Prestige,2782,3,0,179.93
Super built-up Area,Immediate Possession,Mumbai,4 BHK,,2963,3,0,447.75
Carpet Area,Ready To Move,Mumbai,4 BHK,Godrej,998,3,1,149.89
Carpet Area,Immediate Possession,Delhi,1 BHK,,1133,2,0,57.95
Built-up Area,Ready To Move,Hyderabad,4 BHK,,2173,2,1,240.16
Super built-up Area,Ready To Move,Mumbai,1 BHK,Prestige,2530,3,0,151.59
Plot Area,Ready To Move,Chennai,3 BHK,Prestige,614,3,0,46.75
Plot Area,In 2 years,Mumbai,1 BHK,,1173,1,0,71.43
Super built-up Area,Immediate Possession,Hyderabad,4 BHK,Sobha,2236,1,1,248.23
Plot Area,Immediate Possession,Hyderabad,4 BHK,,1757,2,1,194.66
Plot Area,Immediate Possession,Chennai,3 BHK,,2753,2,2,207.04
Super built-up Area,Ready To Move,Mumbai,4 BHK,Brigade,2794,1,1,419.55
Carpet Area,Immediate Possession,Hyderabad,4 BHK,Brigade,646,3,0,70.75
Super built-up Area,Immediate Possession,Delhi,2 BHK,Brigade,2665,2,0,173.77
Carpet Area,Ready To Move,Bangalore,2 BHK,Sobha,911,3,1,55.71
Plot Area,In 1 year,Bangalore,3 BHK,Sobha,2187,1,1,197.48
Plot Area,Ready To Move,Bangalore,1 BHK,,2910,2,1,142.62
Plot Area,Immediate Possession,Mumbai,2 BHK,Brigade,2032,2,2,151.46
Built-up Area,Ready To Move,Chennai,1 BHK,Sobha,636,1,0,25.53
Carpet Area,In 1 year,Hyderabad,4 BHK,Prestige,518,2,2,56.15
Built-up Area,Ready To Move,Delhi,2 BHK,,2742,1,2,178.23
Built-up Area,Immediate Possession,Delhi,3 BHK,Godrej,2877,2,0,280.64
Super built-up Area,In 1 year,Mumbai,3 BHK,,2459,1,0,275.64
Built-up Area,In 2 years,Bangalore,3 BHK,Godrej,2722,2,1,246.89
Super built-up Area,Immediate Possession,Mumbai,2 BHK,Brigade,1501,3,1,114.33
Super built-up Area,In 1 year,Chennai,1 BHK,Godrej,948,3,2,40.22
Built-up Area,In 1 year,Chennai,4 BHK,Brigade,2448,3,1,245.77
Carpet Area,In 2 years,Hyderabad,1 BHK,Prestige,1445,2,1,64.51
Carpet Area,Ready To Move,Hyderabad,1 BHK,Godrej,1877,2,0,85.18
Carpet Area,Ready To Move,Chennai,4 BHK,,2022,3,0,203.7
Carpet Area,Immediate Possession,Chennai,4 BHK,Brigade,640,3,1,66.31
Carpet Area,In 2 years,Chennai,2 BHK,,2420,1,0,120.88
Built-up Area,Ready To Move,Mumbai,2 BHK,Sobha,592,1,1,45.62
Built-up Area,In 2 years,Chennai,2 BHK,Brigade,738,1,0,36.85
Plot Area,Ready To Move,Delhi,2 BHK,Godrej,704,3,0,45.36
Carpet Area,In 1 year,Bangalore,2 BHK,Brigade,1956,3,0,118.85
Built-up Area,Ready To Move,Chennai,4 BHK,,744,3,0,75.43
Plot Area,In 2 years,Bangalore,1 BHK,Prestige,1331,1,1,62.76
Carpet Area,In 1 year,Mumbai,2 BHK,Brigade,794,2,2,60.74
Super built-up Area,In 1 year,Bangalore,2 BHK,Godrej,1355,3,0,81.91
Plot Area,In 1 year,Mumbai,1 BHK,Sobha,2564,2,1,157.93
Built-up Area,In 2 years,Delhi,2 BHK,Prestige,570,2,1,36.59
Super built-up Area,Immediate Possession,Mumbai,1 BHK,Sobha,1792,2,0,107.31
Super built-up Area,Immediate Possession,Mumbai,1 BHK,Brigade,1848,1,2,112.25
Super built-up Area,Immediate Possession,Hyderabad,4 BHK,,804,2,0,89.31
Plot Area,In 2 years,Chennai,3 BHK,,1530,3,1,117.1
Built-up Area,In 1 year,Chennai,4 BHK,Godrej,1837,1,2,184.58
Super built-up Area,Immediate Possession,Delhi,3 BHK,,1316,3,1,129.23
Carpet Area,In 2 years,Delhi,3 BHK,Prestige,1626,3,0,158.66
Super built-up Area,Immediate Possession,Chennai,3 BHK,,1320,1,2,100.57
Super built-up Area,Ready To Move,Hyderabad,2 BHK,Godrej,692,3,1,38.27
Plot Area,Immediate Possession,Chennai,4 BHK,Brigade,2276,3,1,229.66
Plot Area,Immediate Possession,Hyderabad,3 BHK,Brigade,1028,1,1,86.23
Built-up Area,In 1 year,Delhi,1 BHK,,2718,3,0,142.71
Carpet Area,In 2 years,Bangalore,2 BHK,Sobha,750,2,2,45.7
Plot Area,In 1 year,Delhi,4 BHK,Brigade,2288,3,0,297.96
Super built-up Area,In 1 year,Delhi,3 BHK,,2526,2,0,247.75
Built-up Area,In 1 year,Mumbai,1 BHK,Godrej,2963,3,0,176.23
Super built-up Area,In 1 year,Mumbai,4 BHK,,1903,1,2,286.67
Super built-up Area,In 1 year,Mumbai,4 BHK,Brigade,1667,1,0,250.67
Plot Area,Immediate Possession,Mumbai,2 BHK,Godrej,2572,3,0,194.18
Built-up Area,In 1 year,Hyderabad,4 BHK,,1596,1,0,176.3
Carpet Area,In 1 year,Chennai,2 BHK,Prestige,2347,3,0,117.48
Carpet Area,In 2 years,Bangalore,3 BHK,Godrej,1004,1,1,88.45
Plot Area,Ready To Move,Delhi,2 BHK,Prestige,2121,2,0,139.33
Plot Area,Immediate Possession,Hyderabad,1 BHK,Sobha,2883,3,1,129.67
Built-up Area,Immediate Possession,Bangalore,2 BHK,Godrej,2972,2,0,177.58
Carpet Area,Immediate Possession,Hyderabad,1 BHK,Prestige,1887,2,2,82.98
Carpet Area,In 1 year,Hyderabad,2 BHK,Brigade,1722,3,1,96.96
Carpet Area,In 1 year,Delhi,4 BHK,Brigade,1217,2,1,159.57
Super built-up Area,In 1 year,Chennai,3 BHK,Sobha,838,3,1,67.31
Carpet Area,In 2 years,Mumbai,1 BHK,Godrej,1158,2,1,71.56
Super built-up Area,Ready To Move,Chennai,2 BHK,Godrej,1461,3,2,75.39
Built-up Area,In 1 year,Delhi,2 BHK,Godrej,928,3,0,61.06
Super built-up Area,Ready To Move,Delhi,2 BHK,Sobha,1398,1,1,91.89
Built-up Area,In 2 years,Delhi,4 BHK,Godrej,638,3,2,85.94
Carpet Area,Immediate Possession,Bangalore,4 BHK,Brigade,1041,3,1,126.26
Carpet Area,In 1 year,Chennai,1 BHK,Prestige,2604,2,0,105.04
Built-up Area,Ready To Move,Chennai,1 BHK,Brigade,1755,3,1,71.84
Plot Area,Ready To Move,Hyderabad,4 BHK,Brigade,2982,1,2,327.86
Built-up Area,In 1 year,Hyderabad,1 BHK,Prestige,883,2,0,40.12
Plot Area,Immediate Possession,Hyderabad,3 BHK,Brigade,693,2,2,58.42
Super built-up Area,Immediate Possession,Delhi,3 BHK,Sobha,2732,1,0,268.35
Super built-up Area,Immediate Possession,Chennai,4 BHK,Prestige,2395,2,0,240.31
Super built-up Area,In 2 years,Delhi,1 BHK,Brigade,2839,2,0,149.3
Carpet Area,Ready To Move,Bangalore,2 BHK,,1231,2,1,74.7
Super built-up Area,Ready To Move,Hyderabad,3 BHK,Brigade,2663,2,2,221.34
Plot Area,Ready To Move,Delhi,4 BHK,Sobha,1184,1,2,154.17
Super built-up Area,In 2 years,Delhi,1 BHK,Godrej,581,1,2,31.29
Built-up Area,Ready To Move,Bangalore,4 BHK,Brigade,2880,2,0,347.33
Built-up Area,In 2 years,Mumbai,2 BHK,Godrej,2882,2,1,216.08
Carpet Area,Immediate Possession,Chennai,3 BHK,,1031,1,0,78.93
Built-up Area,In 1 year,Mumbai,4 BHK,Brigade,2483,1,2,372.78
Plot Area,Ready To Move,Hyderabad,4 BHK,Prestige,720,1,1,79.23
Super built-up Area,Ready To Move,Delhi,4 BHK,Godrej,1134,2,1,147.71
Carpet Area,Immediate Possession,Bangalore,2 BHK,,2269,2,1,137.44
Super built-up Area,In 1 year,Bangalore,4 BHK,Prestige,2870,3,2,345.9
Super built-up Area,In 2 years,Chennai,2 BHK,Prestige,2374,1,1,119.57
Plot Area,In 1 year,Mumbai,2 BHK,Prestige,502,2,1,39.04
Built-up Area,Immediate Possession,Chennai,2 BHK,Prestige,2217,1,0,111.96
Built-up Area,Immediate Possession,Delhi,3 BHK,Brigade,705,2,0,72.51
Super built-up Area,In 1 year,Chennai,3 BHK,Brigade,2355,1,1,177.16
Carpet Area,In 2 years,Bangalore,4 BHK,Brigade,539,2,1,64.95
Built-up Area,In 2 years,Bangalore,4 BHK,,2606,3,0,312.2
Carpet Area,Ready To Move,Hyderabad,3 BHK,,1143,3,0,94.6
Built-up Area,In 2 years,Hyderabad,1 BHK,,2030,1,0,91.06
Carpet Area,In 1 year,Delhi,3 BHK,Sobha,2407,2,2,236.4
Plot Area,Immediate Possession,Mumbai,2 BHK,,2643,2,2,197.88
Carpet Area,Ready To Move,Chennai,3 BHK,Brigade,1397,1,0,107.74
Plot Area,Ready To Move,Delhi,2 BHK,Brigade,1585,2,1,104.35
Plot Area,Immediate Possession,Hyderabad,4 BHK,Sobha,1779,1,0,196.65
Carpet Area,In 2 years,Chennai,1 BHK,Sobha,2895,2,2,119.04
Plot Area,Immediate Possession,Hyderabad,4 BHK,,1170,1,1,130.94
Super built-up Area,In 2 years,Chennai,2 BHK,Godrej,2005,2,2,102.03
Plot Area,Immediate Possession,Mumbai,2 BHK,Sobha,2864,1,1,216.13
Built-up Area,In 1 year,Delhi,2 BHK,Prestige,1218,2,2,81.09
Carpet Area,In 2 years,Chennai,1 BHK,Brigade,1571,3,1,64.1
Super built-up Area,In 1 year,Bangalore,3 BHK,Prestige,2455,2,1,222.24
Carpet Area,Ready To Move,Bangalore,4 BHK,Brigade,1659,1,1,200.15
Built-up Area,Immediate Possession,Chennai,4 BHK,Brigade,749,3,1,76.27
Built-up Area,Ready To Move,Chennai,3 BHK,Sobha,2861,2,2,214.61
Built-up Area,Ready To Move,Chennai,4 BHK,Sobha,2392,3,2,240.43
Plot Area,Ready To Move,Bangalore,1 BHK,Prestige,2353,2,1,112.96
Plot Area,Ready To Move,Bangalore,4 BHK,Brigade,2003,3,1,241.92
Carpet Area,Immediate Possession,Chennai,2 BHK,Prestige,1734,1,2,85.42
Carpet Area,Ready To Move,Hyderabad,3 BHK,Godrej,543,2,1,46.14
Super built-up Area,Immediate Possession,Hyderabad,1 BHK,Prestige,1082,2,1,46.98
Super built-up Area,Immediate Possession,Mumbai,3 BHK,,1788,1,1,201.25
Carpet Area,In 1 year,Delhi,1 BHK,Prestige,719,3,0,39.39
Plot Area,In 2 years,Hyderabad,2 BHK,,2425,1,1,134.67
Built-up Area,In 2 years,Bangalore,3 BHK,,2948,1,0,266.49
Carpet Area,Immediate Possession,Hyderabad,4 BHK,,1490,3,1,165.72
Super built-up Area,In 1 year,Mumbai,1 BHK,Godrej,2312,1,2,138.1
Plot Area,Immediate Possession,Mumbai,3 BHK,Prestige,1357,2,0,154.64
Carpet Area,Immediate Possession,Delhi,4 BHK,Prestige,1303,2,0,169.29
Carpet Area,Immediate Possession,Hyderabad,3 BHK,Godrej,989,2,1,83.69
Plot Area,In 1 year,Bangalore,3 BHK,Brigade,2280,1,1,206.33
Carpet Area,In 2 years,Bangalore,3 BHK,Sobha,1993,2,0,181.73
Plot Area,In 1 year,Chennai,1 BHK,Prestige,2205,2,2,89.22
Built-up Area,Ready To Move,Bangalore,4 BHK,Sobha,2814,2,2,337.86
Plot Area,In 1 year,Delhi,2 BHK,Godrej,553,2,1,35.65
Plot Area,In 1 year,Delhi,1 BHK,Brigade,1115,2,2,57.8
Plot Area,In 1 year,Bangalore,1 BHK,Brigade,1582,2,2,75.3
Carpet Area,In 1 year,Bangalore,1 BHK,Brigade,2348,1,1,114.15
Carpet Area,In 2 years,Chennai,2 BHK,Godrej,1454,2,2,74.77
Plot Area,Ready To Move,Bangalore,4 BHK,,2933,2,1,353.51
Carpet Area,In 2 years,Chennai,4 BHK,,2129,3,0,214.37
Super built-up Area,In 2 years,Chennai,4 BHK,Sobha,1149,1,1,117.46
Super built-up Area,In 1 year,Bangalore,3 BHK,,2847,1,0,256.63
Carpet Area,Immediate Possession,Mumbai,3 BHK,,894,1,0,101.3
Carpet Area,Immediate Possession,Mumbai,3 BHK,Brigade,1859,1,2,209.59
Plot Area,In 2 years,Chennai,2 BHK,Brigade,2943,2,2,147.81
Built-up Area,In 2 years,Bangalore,3 BHK,Sobha,870,2,2,79.93
Carpet Area,In 1 year,Mumbai,2 BHK,Prestige,1357,3,1,102.64
Super built-up Area,In 2 years,Bangalore,4 BHK,Sobha,1290,3,2,155.6
Plot Area,In 1 year,Bangalore,3 BHK,Sobha,1157,1,0,105.31
Carpet Area,Immediate Possession,Bangalore,3 BHK,Godrej,1892,3,2,171.28
Super built-up Area,Immediate Possession,Hyderabad,1 BHK,Godrej,883,3,2,40.49
Super built-up Area,Ready To Move,Bangalore,2 BHK,Sobha,2609,1,1,156.7
Built-up Area,Immediate Possession,Hyderabad,4 BHK,Sobha,738,1,1,81.67
Plot Area,In 2 years,Chennai,1 BHK,Sobha,694,3,0,28.59
Plot Area,Immediate Possession,Mumbai,1 BHK,,2608,2,1,156.84
Built-up Area,In 1 year,Mumbai,4 BHK,Godrej,1652,3,2,248.48
Built-up Area,Immediate Possession,Mumbai,1 BHK,Sobha,2515,3,1,153.24
Plot Area,Ready To Move,Mumbai,2 BHK,Brigade,655,2,0,50.3
Plot Area,Immediate Possession,Mumbai,2 BHK,Brigade,1422,2,2,108.57
Carpet Area,In 1 year,Mumbai,3 BHK,,2109,1,0,238.79
Carpet Area,In 1 year,Mumbai,1 BHK,,1474,1,1,88.48
Built-up Area,In 2 years,Chennai,3 BHK,Prestige,1730,3,1,132.13
Carpet Area,Immediate Possession,Bangalore,1 BHK,Prestige,2935,2,0,141.87
Super built-up Area,In 1 year,Delhi,2 BHK,Prestige,2314,1,2,150.75
Carpet Area,Ready To Move,Hyderabad,2 BHK,,1337,3,1,76.29
Carpet Area,In 2 years,Delhi,2 BHK,,2507,2,1,164.51
Super built-up Area,Ready To Move,Delhi,1 BHK,,1863,3,2,98.02
Built-up Area,Immediate Possession,Bangalore,2 BHK,Brigade,2887,1,1,174.21
Super built-up Area,Immediate Possession,Bangalore,1 BHK,,703,1,0,32.98
Carpet Area,Immediate Possession,Bangalore,3 BHK,Brigade,660,2,1,60.65
Built-up Area,In 2 years,Mumbai,1 BHK,Prestige,891,3,1,53.46
Carpet Area,In 1 year,Chennai,3 BHK,Prestige,1268,2,2,95.12
Super built-up Area,In 2 years,Mumbai,1 BHK,Prestige,1593,1,0,96.66
Super built-up Area,Ready To Move,Chennai,3 BHK,Sobha,904,1,2,65.63
Carpet Area,In 2 years,Chennai,2 BHK,Sobha,1107,3,1,58.65
Plot Area,Ready To Move,Delhi,3 BHK,Godrej,2114,3,1,208.45
Plot Area,In 2 years,Delhi,2 BHK,Godrej,2040,3,2,132.26
Super built-up Area,In 1 year,Chennai,2 BHK,Godrej,2337,2,2,120.25
Super built-up Area,Ready To Move,Chennai,3 BHK,Sobha,1189,3,2,93.35
Plot Area,Immediate Possession,Mumbai,1 BHK,Sobha,1740,3,0,105.72
Plot Area,Immediate Possession,Mumbai,1 BHK,Godrej,2603,1,1,155.75
Carpet Area,In 2 years,Delhi,4 BHK,Godrej,865,1,2,114.64
Carpet Area,Immediate Possession,Bangalore,1 BHK,,2222,3,1,107.81
Plot Area,Ready To Move,Chennai,4 BHK,Godrej,954,3,0,97.06
Carpet Area,Immediate Possession,Mumbai,1 BHK,,603,1,0,37.9
Carpet Area,In 1 year,Delhi,1 BHK,Brigade,576,3,0,31.3
Built-up Area,In 1 year,Mumbai,2 BHK,Sobha,729,2,0,55.43
Carpet Area,In 2 years,Chennai,4 BHK,Godrej,2437,2,1,243.43
Super built-up Area,Ready To Move,Chennai,1 BHK,Sobha,2878,2,0,115.49
Carpet Area,In 1 year,Hyderabad,4 BHK,Sobha,1705,3,0,188.79
Carpet Area,In 1 year,Bangalore,2 BHK,Sobha,1392,1,2,82.78
Plot Area,Ready To Move,Hyderabad,2 BHK,Brigade,2073,3,0,114.37
Super built-up Area,Immediate Possession,Delhi,4 BHK,Prestige,2574,3,2,336.15
Carpet Area,Immediate Possession,Mumbai,2 BHK,Godrej,2175,1,0,161.78
Carpet Area,In 2 years,Delhi,3 BHK,Prestige,798,1,0,77.43
Built-up Area,Immediate Possession,Chennai,3 BHK,Prestige,1456,1,2,111.64
Carpet Area,Ready To Move,Hyderabad,2 BHK,Prestige,1614,2,0,89.42
Carpet Area,In 1 year,Hyderabad,3 BHK,Sobha,1974,3,1,163.88
Built-up Area,Immediate Possession,Hyderabad,1 BHK,,864,1,1,38.17
Plot Area,In 2 years,Delhi,4 BHK,Sobha,2198,3,0,286.91
Carpet Area,Immediate Possession,Chennai,1 BHK,Sobha,850,2,1,35.57
Built-up Area,Ready To Move,Mumbai,4 BHK,Prestige,2800,2,2,421.5
Super built-up Area,In 2 years,Mumbai,2 BHK,Sobha,2404,1,0,180.41
Plot Area,Immediate Possession,Delhi,1 BHK,Prestige,1511,1,0,78.86
Super built-up Area,In 2 years,Hyderabad,2 BHK,,998,3,2,57.7
Super built-up Area,Ready To Move,Bangalore,2 BHK,Godrej,1449,1,2,85.93
Built-up Area,In 1 year,Delhi,4 BHK,Prestige,2494,3,2,325.66
Carpet Area,Ready To Move,Delhi,4 BHK,,2546,1,0,331.62
Built-up Area,Ready To Move,Chennai,4 BHK,Godrej,1007,3,2,101.42
Built-up Area,Ready To Move,Mumbai,1 BHK,Brigade,1827,3,2,111.0
Built-up Area,Ready To Move,Delhi,3 BHK,Prestige,665,3,1,65.43
Built-up Area,In 1 year,Delhi,4 BHK,Prestige,1419,3,1,186.61
Plot Area,In 1 year,Hyderabad,4 BHK,Brigade,613,2,0,67.09
Carpet Area,In 2 years,Hyderabad,1 BHK,Brigade,1491,3,1,68.17
Super built-up Area,Immediate Possession,Bangalore,4 BHK,Prestige,2451,1,1,294.55
Super built-up Area,In 1 year,Chennai,1 BHK,Brigade,2754,2,2,110.71
Carpet Area,In 1 year,Bangalore,2 BHK,Sobha,1758,2,2,105.48
Super built-up Area,Immediate Possession,Hyderabad,4 BHK,Godrej,1014,3,1,114.07
Carpet Area,In 1 year,Mumbai,4 BHK,Godrej,1731,2,1,260.0
Super built-up Area,Ready To Move,Hyderabad,2 BHK,Godrej,1208,3,1,66.77
Built-up Area,Ready To Move,Chennai,2 BHK,Sobha,2685,1,0,135.8
Super built-up Area,Immediate Possession,Hyderabad,2 BHK,Brigade,838,3,0,46.69
Carpet Area,In 2 years,Chennai,4 BHK,,567,2,0,57.61
Carpet Area,In 2 years,Chennai,3 BHK,Brigade,2096,1,1,158.52
Carpet Area,Immediate Possession,Chennai,3 BHK,Prestige,2064,3,1,156.46
Carpet Area,Immediate Possession,Chennai,3 BHK,Godrej,882,1,0,68.38
Carpet Area,Ready To Move,Chennai,4 BHK,Brigade,518,1,0,51.47
Plot Area,In 2 years,Mumbai,2 BHK,,2621,2,1,197.36
Plot Area,In 1 year,Bangalore,4 BHK,Prestige,1072,1,2,129.01
Super built-up Area,Ready To Move,Delhi,2 BHK,Sobha,1799,2,0,118.56
Carpet Area,Immediate Possession,Bangalore,4 BHK,Sobha,2758,1,1,332.75
Super built-up Area,In 2 years,Chennai,4 BHK,,2443,3,1,245.87
Carpet Area,In 1 year,Mumbai,2 BHK,Prestige,1150,1,2,86.61
Carpet Area,In 1 year,Hyderabad,3 BHK,Godrej,2145,3,1,176.98
Plot Area,Ready To Move,Mumbai,2 BHK,Brigade,1493,3,1,113.59
Plot Area,In 2 years,Chennai,1 BHK,Prestige,1838,1,0,73.37
Built-up Area,In 2 years,Mumbai,1 BHK,Sobha,1400,3,0,86.12
Plot Area,Immediate Possession,Mumbai,2 BHK,,2184,1,2,163.89
Built-up Area,In 2 years,Chennai,4 BHK,,2085,1,2,208.76
Built-up Area,In 2 years,Mumbai,1 BHK,Brigade,2423,3,1,145.42
Built-up Area,Ready To Move,Delhi,1 BHK,,2281,3,0,118.3
Built-up Area,In 2 years,Delhi,4 BHK,,1636,2,2,215.54
Built-up Area,In 1 year,Mumbai,4 BHK,Prestige,2717,3,2,409.18
Super built-up Area,Ready To Move,Hyderabad,3 BHK,Godrej,2444,2,2,203.03
Plot Area,Ready To Move,Chennai,4 BHK,Brigade,1537,3,1,154.29
Built-up Area,Immediate Possession,Delhi,2 BHK,Prestige,2238,1,0,146.85
Carpet Area,In 2 years,Hyderabad,2 BHK,Godrej,787,3,2,45.48
Plot Area,Immediate Possession,Mumbai,3 BHK,Prestige,2736,1,0,307.5
Plot Area,In 1 year,Hyderabad,1 BHK,Prestige,2090,1,2,91.4
Built-up Area,Ready To Move,Bangalore,1 BHK,,2245,1,2,107.53
Super built-up Area,Ready To Move,Delhi,4 BHK,Godrej,1598,2,0,208.71
Built-up Area,Ready To Move,Mumbai,2 BHK,Brigade,2824,3,0,213.47
Super built-up Area,In 1 year,Chennai,1 BHK,Brigade,1439,1,0,58.1
Carpet Area,In 1 year,Mumbai,3 BHK,Godrej,1948,1,1,220.95
Plot Area,Immediate Possession,Chennai,3 BHK,,1070,2,2,80.54
Carpet Area,Immediate Possession,Mumbai,2 BHK,Sobha,1500,3,1,112.91
Super built-up Area,Immediate Possession,Hyderabad,3 BHK,Prestige,1705,3,0,142.16
Super built-up Area,In 2 years,Hyderabad,3 BHK,,1417,2,2,116.21
Carpet Area,Ready To Move,Hyderabad,2 BHK,Godrej,2374,2,1,132.27
Super built-up Area,Ready To Move,Bangalore,4 BHK,Prestige,1332,3,2,161.44
Carpet Area,Immediate Possession,Chennai,4 BHK,Brigade,2740,2,1,274.66
Plot Area,Ready To Move,Hyderabad,3 BHK,Sobha,2178,3,0,180.79
Carpet Area,Immediate Possession,Bangalore,4 BHK,Brigade,1115,3,1,136.21
Plot Area,In 2 years,Chennai,4 BHK,Godrej,905,1,2,91.88
Carpet Area,In 2 years,Mumbai,3 BHK,Prestige,2249,1,2,253.27
Super built-up Area,In 1 year,Bangalore,4 BHK,Godrej,592,3,2,73.13
Carpet Area,In 2 years,Delhi,3 BHK,Prestige,2977,3,2,292.62
Super built-up Area,Immediate Possession,Bangalore,1 BHK,,1153,3,0,57.18
Carpet Area,In 2 years,Bangalore,2 BHK,Sobha,933,3,1,57.27
Carpet Area,In 1 year,Chennai,2 BHK,,1635,3,0,83.63
Built-up Area,Ready To Move,Mumbai,4 BHK,,874,3,0,131.56
Super built-up Area,Immediate Possession,Delhi,4 BHK,Godrej,1566,2,0,204.65
Built-up Area,Ready To Move,Hyderabad,4 BHK,Sobha,706,3,2,78.93
Super built-up Area,In 1 year,Hyderabad,2 BHK,Prestige,1279,2,2,70.96
Built-up Area,In 1 year,Bangalore,1 BHK,Prestige,1819,2,2,86.59
Plot Area,In 1 year,Chennai,1 BHK,Brigade,1641,3,1,66.11
Carpet Area,Ready To Move,Chennai,2 BHK,Prestige,1031,3,2,52.56
Super built-up Area,Ready To Move,Hyderabad,1 BHK,Godrej,2713,2,1,121.27
Super built-up Area,Ready To Move,Delhi,2 BHK,,589,2,2,39.57
Carpet Area,Ready To Move,Mumbai,1 BHK,,1617,3,2,99.46
Super built-up Area,In 1 year,Delhi,3 BHK,,512,3,0,52.66
Super built-up Area,In 1 year,Mumbai,3 BHK,Sobha,2357,2,0,266.49
Built-up Area,Immediate Possession,Hyderabad,2 BHK,Prestige,1304,2,0,72.86
Super built-up Area,Immediate Possession,Mumbai,1 BHK,Godrej,1444,2,1,86.67
Plot Area,Ready To Move,Chennai,4 BHK,Sobha,2357,1,1,238.19
Plot Area,In 2 years,Bangalore,1 BHK,Brigade,2110,2,2,100.86
Carpet Area,In 2 years,Bangalore,3 BHK,Godrej,2459,1,1,221.93
Super built-up Area,In 1 year,Hyderabad,3 BHK,Godrej,1552,3,2,130.37
Carpet Area,In 1 year,Chennai,1 BHK,Godrej,795,3,1,34.15
Plot Area,In 1 year,Delhi,1 BHK,,1425,2,1,73.94
Super built-up Area,Immediate Possession,Chennai,4 BHK,Godrej,1139,3,1,114.98
Super built-up Area,Immediate Possession,Bangalore,4 BHK,Prestige,2887,3,0,347.14
Carpet Area,In 1 year,Bangalore,1 BHK,Godrej,1127,3,1,53.62
Plot Area,In 1 year,Chennai,1 BHK,,2986,3,0,121.07
Super built-up Area,In 1 year,Chennai,1 BHK,Godrej,1667,1,0,66.46
Carpet Area,In 2 years,Bangalore,1 BHK,Brigade,1441,1,1,71.17
Plot Area,Immediate Possession,Delhi,2 BHK,Brigade,1329,2,2,88.0
Carpet Area,In 2 years,Hyderabad,1 BHK,,2270,2,2,100.92
Built-up Area,In 2 years,Hyderabad,4 BHK,Prestige,1475,2,2,162.78
Super built-up Area,In 1 year,Chennai,3 BHK,Prestige,1454,3,1,110.67
Built-up Area,In 1 year,Hyderabad,2 BHK,Sobha,1762,3,2,98.15
Plot Area,Ready To Move,Bangalore,1 BHK,,1451,1,0,70.22
Built-up Area,Ready To Move,Bangalore,3 BHK,Godrej,1443,1,2,132.27
Built-up Area,In 2 years,Chennai,2 BHK,,2702,2,1,135.04
Plot Area,Immediate Possession,Chennai,3 BHK,Sobha,1704,1,2,128.13
Carpet Area,In 1 year,Chennai,1 BHK,,2635,1,0,106.61
Built-up Area,In 1 year,Delhi,1 BHK,,2034,1,1,105.87
Carpet Area,In 2 years,Hyderabad,4 BHK,Sobha,1596,1,2,177.64
Built-up Area,Ready To Move,Chennai,1 BHK,Prestige,678,1,1,28.3
Carpet Area,Immediate Possession,Mumbai,1 BHK,Godrej,2759,2,1,165.82
Plot Area,Ready To Move,Mumbai,2 BHK,Sobha,2328,2,1,175.8
Built-up Area,Ready To Move,Bangalore,4 BHK,Brigade,1757,1,2,210.64
Plot Area,Ready To Move,Hyderabad,2 BHK,Prestige,964,2,1,53.22
Built-up Area,Ready To Move,Chennai,3 BHK,Brigade,2274,3,2,171.91
Plot Area,In 1 year,Mumbai,1 BHK,Prestige,1730,1,0,105.56
Plot Area,In 1 year,Hyderabad,3 BHK,Godrej,1384,3,2,116.43
Built-up Area,Ready To Move,Bangalore,2 BHK,Godrej,2913,2,0,175.76
Built-up Area,Immediate Possession,Delhi,1 BHK,,2823,2,2,148.58
Built-up Area,In 2 years,Hyderabad,1 BHK,Brigade,2927,3,1,130.56
Super built-up Area,Immediate Possession,Hyderabad,2 BHK,Prestige,1832,2,2,100.59
Carpet Area,Immediate Possession,Delhi,2 BHK,Godrej,2154,1,1,140.36
Super built-up Area,Immediate Possession,Hyderabad,2 BHK,Sobha,1444,3,0,80.85
Super built-up Area,Ready To Move,Bangalore,2 BHK,Godrej,1424,1,2,86.7
Plot Area,In 1 year,Bangalore,2 BHK,Sobha,2438,3,1,147.21
Built-up Area,Immediate Possession,Delhi,1 BHK,Prestige,993,2,0,51.72
Carpet Area,Ready To Move,Chennai,2 BHK,Godrej,2046,3,0,103.75
Plot Area,Immediate Possession,Mumbai,1 BHK,Godrej,2469,3,2,148.99
Super built-up Area,Immediate Possession,Chennai,1 BHK,Prestige,1594,1,0,63.94
Built-up Area,Ready To Move,Hyderabad,2 BHK,Godrej,2911,2,1,161.02
Plot Area,In 1 year,Mumbai,2 BHK,Sobha,2325,1,0,174.49
Built-up Area,In 1 year,Delhi,4 BHK,Godrej,1262,2,0,166.02
Plot Area,In 2 years,Delhi,1 BHK,Brigade,2823,1,1,148.71
Built-up Area,Ready To Move,Mumbai,2 BHK,,549,3,0,43.54
Super built-up Area,In 2 years,Bangalore,2 BHK,Sobha,1405,1,0,83.03
Carpet Area,In 2 years,Mumbai,2 BHK,Brigade,1063,2,0,80.08
Super built-up Area,In 2 years,Hyderabad,4 BHK,Prestige,1282,2,0,141.84
Carpet Area,In 1 year,Bangalore,4 BHK,Sobha,2540,3,1,304.45
Built-up Area,Ready To Move,Delhi,3 BHK,,2331,2,0,227.4
Plot Area,In 2 years,Mumbai,1 BHK,,1083,1,1,65.29
Super built-up Area,Ready To Move,Chennai,3 BHK,Prestige,1819,3,0,137.48
Carpet Area,Ready To Move,Chennai,2 BHK,Prestige,735,2,0,37.76
Super built-up Area,In 1 year,Hyderabad,4 BHK,Sobha,2603,2,0,285.95
Carpet Area,In 2 years,Chennai,4 BHK,Godrej,2442,1,0,244.24
Super built-up Area,In 2 years,Mumbai,3 BHK,Prestige,859,1,1,97.29
Carpet Area,Ready To Move,Mumbai,4 BHK,Godrej,2430,3,1,366.01
Carpet Area,Immediate Possession,Chennai,2 BHK,Brigade,609,2,1,31.9
Built-up Area,In 1 year,Mumbai,4 BHK,,691,1,2,104.54
Carpet Area,In 1 year,Hyderabad,3 BHK,Godrej,1403,3,0,116.84
Built-up Area,In 1 year,Bangalore,2 BHK,,1616,2,0,98.08
Carpet Area,In 1 year,Hyderabad,3 BHK,Godrej,1361,2,1,112.48
Plot Area,In 2 years,Hyderabad,4 BHK,Brigade,1583,3,2,175.36
Plot Area,In 2 years,Mumbai,3 BHK,Prestige,1149,3,0,129.71
Plot Area,Immediate Possession,Bangalore,3 BHK,Brigade,538,1,1,49.99
Carpet Area,In 1 year,Mumbai,1 BHK,Prestige,1136,2,0,68.89
Built-up Area,In 1 year,Delhi,4 BHK,Prestige,1536,2,0,201.74
Built-up Area,Ready To Move,Mumbai,4 BHK,,535,2,1,81.56
Carpet Area,In 2 years,Mumbai,3 BHK,Brigade,2648,3,1,298.51
Plot Area,In 1 year,Mumbai,1 BHK,Godrej,1861,1,0,112.41
Plot Area,Immediate Possession,Bangalore,4 BHK,Brigade,2483,2,0,299.77
Built-up Area,Immediate Possession,Mumbai,2 BHK,,665,3,1,51.3
Plot Area,In 2 years,Bangalore,3 BHK,Prestige,2930,2,0,264.77
Super built-up Area,Immediate Possession,Chennai,4 BHK,,2379,1,0,237.85
Built-up Area,Immediate Possession,Delhi,2 BHK,Sobha,530,2,1,35.47
Plot Area,In 2 years,Bangalore,4 BHK,Sobha,510,1,0,61.94
Built-up Area,In 1 year,Chennai,2 BHK,Godrej,2511,1,0,125.47
Super built-up Area,In 1 year,Bangalore,3 BHK,,2643,2,2,237.79
Built-up Area,Immediate Possession,Bangalore,4 BHK,Godrej,2739,2,1,330.97
Built-up Area,Immediate Possession,Delhi,4 BHK,Godrej,985,1,2,129.15
Built-up Area,In 1 year,Hyderabad,1 BHK,Sobha,1789,3,2,79.67
Built-up Area,In 2 years,Hyderabad,3 BHK,Godrej,1947,1,2,161.35
Super built-up Area,Immediate Possession,Bangalore,2 BHK,Sobha,2785,2,0,166.62
Carpet Area,Ready To Move,Mumbai,4 BHK,Prestige,2443,2,0,365.47
Built-up Area,In 2 years,Chennai,4 BHK,,2463,3,2,248.88
Built-up Area,Immediate Possession,Mumbai,2 BHK,Godrej,2351,1,2,177.05
Plot Area,Immediate Possession,Mumbai,3 BHK,Sobha,1969,1,2,221.96
Built-up Area,Ready To Move,Bangalore,1 BHK,Brigade,1866,1,0,90.3
Plot Area,Ready To Move,Bangalore,1 BHK,Godrej,1490,2,2,75.75
Carpet Area,In 1 year,Bangalore,4 BHK,Prestige,1324,1,2,160.25
Super built-up Area,In 2 years,Bangalore,2 BHK,Prestige,1962,3,1,118.17
Super built-up Area,In 2 years,Hyderabad,4 BHK,Brigade,2653,2,1,291.15
Carpet Area,In 1 year,Bangalore,2 BHK,Sobha,2728,2,0,165.73
Super built-up Area,In 2 years,Hyderabad,1 BHK,Godrej,2731,1,1,121.52
Carpet Area,In 2 years,Hyderabad,3 BHK,Sobha,725,3,1,61.89
Carpet Area,In 2 years,Bangalore,2 BHK,Prestige,1276,2,1,76.75
Carpet Area,In 2 years,Delhi,1 BHK,Sobha,1612,2,0,85.19
Super built-up Area,In 2 years,Chennai,4 BHK,Prestige,1187,1,1,118.48
Plot Area,Ready To Move,Mumbai,2 BHK,Sobha,1029,1,0,78.34
Carpet Area,In 2 years,Hyderabad,3 BHK,Brigade,1471,3,2,123.84
Built-up Area,Ready To Move,Chennai,4 BHK,,1435,1,1,143.46
Super built-up Area,In 2 years,Delhi,4 BHK,Brigade,1922,3,0,252.49
Carpet Area,In 1 year,Mumbai,1 BHK,Brigade,2653,2,1,160.29
Carpet Area,Immediate Possession,Mumbai,2 BHK,,1794,3,2,136.54
Built-up Area,Ready To Move,Hyderabad,4 BHK,,2498,3,0,274.97
Plot Area,In 2 years,Bangalore,3 BHK,Godrej,2026,3,0,184.07
Plot Area,In 1 year,Delhi,2 BHK,Godrej,1178,2,0,76.89
Plot Area,Immediate Possession,Hyderabad,3 BHK,Brigade,2940,1,2,243.52
Carpet Area,Ready To Move,Delhi,4 BHK,Brigade,539,2,2,72.54
Carpet Area,Immediate Possession,Bangalore,3 BHK,Prestige,1605,1,2,145.24
Carpet Area,In 1 year,Bangalore,1 BHK,Prestige,1344,3,0,65.11
Super built-up Area,Ready To Move,Hyderabad,3 BHK,Godrej,2243,3,2,187.17
Built-up Area,Immediate Possession,Bangalore,2 BHK,Godrej,2748,3,1,166.78
Carpet Area,In 2 years,Chennai,3 BHK,Prestige,946,3,2,74.51
Built-up Area,Ready To Move,Mumbai,3 BHK,Prestige,1734,3,0,196.83
Built-up Area,Immediate Possession,Hyderabad,1 BHK,Sobha,2991,1,1,131.52
Plot Area,In 1 year,Delhi,3 BHK,Sobha,1850,1,2,181.65
Super built-up Area,In 1 year,Chennai,3 BHK,Prestige,726,3,1,55.82
Carpet Area,Ready To Move,Hyderabad,4 BHK,Sobha,547,2,1,61.25
Plot Area,Immediate Possession,Bangalore,4 BHK,,1962,2,0,235.51
Plot Area,Ready To Move,Bangalore,2 BHK,Godrej,2330,3,1,141.18
Carpet Area,Ready To Move,Bangalore,4 BHK,Godrej,686,1,1,82.85
Built-up Area,Immediate Possession,Bangalore,4 BHK,Prestige,2892,2,0,347.91
Plot Area,Immediate Possession,Delhi,4 BHK,Brigade,2771,2,0,360.64
Built-up Area,In 2 years,Chennai,4 BHK,Prestige,2432,2,0,244.49
Super built-up Area,Immediate Possession,Mumbai,1 BHK,Sobha,1348,3,1,81.46
Built-up Area,In 1 year,Delhi,4 BHK,Brigade,2532,2,1,329.0
Super built-up Area,Ready To Move,Delhi,1 BHK,Sobha,1752,2,1,92.81
Built-up Area,Ready To Move,Mumbai,1 BHK,,1913,2,0,116.4
Plot Area,In 1 year,Mumbai,4 BHK,Sobha,1478,2,2,221.39
Plot Area,Immediate Possession,Bangalore,3 BHK,,2112,1,1,188.75
Super built-up Area,In 1 year,Delhi,1 BHK,,1516,3,2,79.32
Carpet Area,In 1 year,Hyderabad,3 BHK,Sobha,2735,3,0,227.01
Super built-up Area,In 2 years,Mumbai,3 BHK,Sobha,2381,1,1,269.52
Super built-up Area,In 1 year,Mumbai,4 BHK,,769,1,2,115.7
Built-up Area,Ready To Move,Chennai,2 BHK,Brigade,2130,3,1,107.23
Built-up Area,In 1 year,Hyderabad,4 BHK,,809,2,1,90.14
Super built-up Area,Ready To Move,Hyderabad,2 BHK,Godrej,2543,2,1,140.75
Plot Area,Ready To Move,Mumbai,2 BHK,,2074,3,2,155.67
Built-up Area,Ready To Move,Bangalore,4 BHK,Brigade,1595,2,0,191.02
Carpet Area,Immediate Possession,Chennai,4 BHK,Godrej,2195,1,1,218.65
Built-up Area,In 2 years,Hyderabad,2 BHK,Prestige,1945,2,0,110.45
Built-up Area,Ready To Move,Mumbai,4 BHK,Prestige,2667,2,0,401.91
Carpet Area,Ready To Move,Hyderabad,2 BHK,Brigade,719,2,2,39.95
Super built-up Area,Immediate Possession,Chennai,3 BHK,,552,3,2,44.01
Carpet Area,Ready To Move,Chennai,4 BHK,Sobha,2257,1,0,225.63
Super built-up Area,In 1 year,Delhi,3 BHK,Brigade,1974,2,1,194.54
Super built-up Area,In 1 year,Mumbai,1 BHK,Godrej,2166,3,2,131.54
Super built-up Area,In 2 years,Chennai,3 BHK,Godrej,1760,2,1,132.34
Carpet Area,Ready To Move,Delhi,3 BHK,Prestige,1219,1,1,120.03
Super built-up Area,Immediate Possession,Delhi,2 BHK,Godrej,905,2,1,59.96
Plot Area,In 1 year,Hyderabad,3 BHK,Brigade,2969,1,0,245.84
Carpet Area,Immediate Possession,Hyderabad,4 BHK,Godrej,2794,2,1,308.56
Plot Area,Immediate Possession,Delhi,2 BHK,Brigade,571,1,0,37.82
Super built-up Area,In 1 year,Hyderabad,1 BHK,Sobha,2353,2,0,105.33
Built-up Area,Immediate Possession,Chennai,4 BHK,Prestige,2732,1,1,276.28
Super built-up Area,In 1 year,Bangalore,1 BHK,Godrej,2553,2,1,124.79
Plot Area,Immediate Possession,Chennai,3 BHK,Brigade,1729,2,1,130.89
Plot Area,In 1 year,Delhi,4 BHK,,2067,3,1,269.9
Carpet Area,Ready To Move,Delhi,4 BHK,Prestige,886,3,0,116.48
Built-up Area,In 2 years,Chennai,1 BHK,Sobha,2291,1,1,90.88
Carpet Area,In 1 year,Hyderabad,4 BHK,Brigade,1198,2,1,133.44
Plot Area,In 1 year,Hyderabad,4 BHK,Sobha,1700,1,0,186.49
Super built-up Area,In 2 years,Delhi,4 BHK,Sobha,1326,3,2,173.51
Built-up Area,In 1 year,Mumbai,3 BHK,Godrej,2322,1,2,262.4
Super built-up Area,In 1 year,Hyderabad,1 BHK,Godrej,848,1,0,37.57
Super built-up Area,Immediate Possession,Chennai,4 BHK,Brigade,1778,3,2,178.81
Built-up Area,In 2 years,Hyderabad,2 BHK,,807,2,0,44.19
Carpet Area,Ready To Move,Chennai,2 BHK,Brigade,1650,1,1,84.21
Super built-up Area,In 1 year,Delhi,2 BHK,,2460,3,1,160.57
Plot Area,In 2 years,Hyderabad,2 BHK,Sobha,2834,2,2,156.28
Super built-up Area,Immediate Possession,Chennai,3 BHK,Prestige,1265,3,1,94.58
Built-up Area,Ready To Move,Delhi,4 BHK,Brigade,1224,1,2,159.6
Built-up Area,In 2 years,Mumbai,1 BHK,Brigade,2119,2,2,127.81
Built-up Area,Ready To Move,Chennai,4 BHK,,882,2,1,89.38
Carpet Area,Ready To Move,Mumbai,3 BHK,Sobha,2935,3,1,330.51
Super built-up Area,Ready To Move,Mumbai,2 BHK,Sobha,1024,3,2,79.03
Carpet Area,In 1 year,Bangalore,3 BHK,,775,3,1,69.41
Carpet Area,In 1 year,Hyderabad,4 BHK,Sobha,836,2,0,92.87
Built-up Area,Immediate Possession,Chennai,1 BHK,Godrej,2473,2,1,100.04
Built-up Area,Immediate Possession,Mumbai,3 BHK,Prestige,980,1,1,110.81
Carpet Area,In 2 years,Bangalore,1 BHK,Brigade,1410,2,0,68.84
Super built-up Area,Immediate Possession,Delhi,3 BHK,Prestige,2496,1,1,244.65
Plot Area,Ready To Move,Chennai,1 BHK,Brigade,1851,3,1,76.86
Carpet Area,Ready To Move,Mumbai,1 BHK,Godrej,2533,3,2,153.32
Super built-up Area,In 1 year,Hyderabad,2 BHK,Sobha,2254,2,1,124.0
Built-up Area,Ready To Move,Bangalore,1 BHK,,608,3,1,31.24
Built-up Area,In 2 years,Mumbai,2 BHK,Godrej,827,3,0,63.24
Super built-up Area,Ready To Move,Hyderabad,4 BHK,Prestige,2299,2,2,255.15
Plot Area,Ready To Move,Mumbai,4 BHK,,814,1,2,122.0
Built-up Area,In 2 years,Chennai,2 BHK,Sobha,1634,2,2,81.84
Built-up Area,Immediate Possession,Chennai,2 BHK,Godrej,1280,1,1,64.64
Built-up Area,Immediate Possession,Chennai,3 BHK,,2020,2,2,150.76
Super built-up Area,In 2 years,Bangalore,3 BHK,Godrej,655,2,0,59.48
Carpet Area,In 1 year,Chennai,3 BHK,Godrej,1996,3,2,150.87
Built-up Area,Ready To Move,Hyderabad,4 BHK,Sobha,2224,2,0,245.86
Carpet Area,In 2 years,Mumbai,3 BHK,Brigade,1386,2,2,155.93
Plot Area,Ready To Move,Delhi,1 BHK,,1221,1,2,63.11
Built-up Area,In 1 year,Hyderabad,1 BHK,Sobha,1412,3,0,64.78
Built-up Area,Ready To Move,Hyderabad,3 BHK,Godrej,1370,1,2,113.51
Plot Area,In 2 years,Chennai,1 BHK,Sobha,512,1,2,21.84
Built-up Area,Ready To Move,Bangalore,4 BHK,Brigade,997,3,2,120.6
Carpet Area,Immediate Possession,Mumbai,1 BHK,,2256,3,1,136.81
Super built-up Area,In 1 year,Bangalore,4 BHK,Brigade,2785,3,0,335.91
Carpet Area,In 1 year,Mumbai,2 BHK,Prestige,1617,2,2,124.02
Super built-up Area,In 1 year,Mumbai,2 BHK,,1694,3,0,128.33
Super built-up Area,In 2 years,Bangalore,2 BHK,Brigade,2504,3,0,151.57
Carpet Area,In 1 year,Hyderabad,2 BHK,Godrej,2147,3,0,120.68
Carpet Area,Immediate Possession,Mumbai,1 BHK,,2090,1,2,125.52
Carpet Area,In 2 years,Bangalore,3 BHK,,1990,1,2,179.88
Carpet Area,Immediate Possession,Mumbai,1 BHK,Sobha,642,2,0,40.53
Plot Area,Ready To Move,Delhi,4 BHK,Godrej,1724,1,1,224.04
Built-up Area,Ready To Move,Hyderabad,1 BHK,Prestige,1064,2,0,48.16
Super built-up Area,Ready To Move,Chennai,1 BHK,Brigade,2931,1,1,119.49
Carpet Area,Ready To Move,Mumbai,4 BHK,Sobha,2215,3,0,334.67
Carpet Area,Immediate Possession,Delhi,2 BHK,Brigade,916,1,0,60.32
Carpet Area,In 2 years,Chennai,2 BHK,Prestige,2348,2,0,118.18
Plot Area,In 2 years,Chennai,2 BHK,Prestige,2855,1,2,142.65
Carpet Area,In 1 year,Mumbai,3 BHK,,2217,3,1,249.92
Carpet Area,Immediate Possession,Bangalore,4 BHK,Prestige,1890,2,1,229.31
Carpet Area,Ready To Move,Mumbai,4 BHK,Brigade,1567,3,0,237.87
Built-up Area,Immediate Possession,Delhi,1 BHK,Godrej,2366,3,2,123.87
Plot Area,In 1 year,Chennai,3 BHK,Godrej,1621,2,2,122.91
Carpet Area,In 1 year,Mumbai,2 BHK,,1788,3,1,135.71
Super built-up Area,Immediate Possession,Bangalore,3 BHK,Brigade,2306,3,2,210.22
Super built-up Area,Immediate Possession,Mumbai,4 BHK,Brigade,2687,1,1,403.93
Super built-up Area,Immediate Possession,Hyderabad,4 BHK,Prestige,2004,3,1,221.92
Plot Area,In 2 years,Bangalore,1 BHK,Brigade,1516,3,1,73.73
Plot Area,Ready To Move,Delhi,1 BHK,Sobha,1452,3,2,77.34
Super built-up Area,Immediate Possession,Chennai,4 BHK,Prestige,571,3,1,58.25
Carpet Area,Immediate Possession,Mumbai,2 BHK,Sobha,2190,2,1,165.47
Plot Area,Immediate Possession,Bangalore,2 BHK,,1791,1,0,107.88
Super built-up Area,In 1 year,Hyderabad,3 BHK,Godrej,1844,3,1,153.26
Super built-up Area,In 1 year,Bangalore,4 BHK,,2654,3,1,319.01
Carpet Area,In 2 years,Hyderabad,4 BHK,Godrej,1382,2,0,153.53
Built-up Area,Ready To Move,Delhi,2 BHK,,638,3,0,43.01
Plot Area,In 2 years,Chennai,2 BHK,Brigade,2820,2,2,143.79
Carpet Area,Ready To Move,Delhi,4 BHK,Sobha,2004,1,1,259.99
Super built-up Area,In 1 year,Mumbai,1 BHK,Godrej,2963,1,2,178.91
Super built-up Area,In 1 year,Bangalore,4 BHK,Prestige,1232,3,2,149.26
Carpet Area,In 1 year,Hyderabad,4 BHK,Sobha,2248,3,0,250.88
Plot Area,In 2 years,Hyderabad,2 BHK,Prestige,923,3,2,52.81
Built-up Area,Immediate Possession,Bangalore,2 BHK,Sobha,2091,2,1,126.78
Built-up Area,Immediate Possession,Bangalore,1 BHK,Sobha,889,3,0,44.09
Super built-up Area,In 1 year,Mumbai,1 BHK,,841,3,1,51.26
Plot Area,Immediate Possession,Delhi,3 BHK,Godrej,1445,1,1,141.7
Built-up Area,Immediate Possession,Hyderabad,4 BHK,Godrej,1113,3,0,122.55
Plot Area,In 2 years,Mumbai,2 BHK,Sobha,992,1,1,73.56
Plot Area,Ready To Move,Delhi,1 BHK,Brigade,691,3,0,38.44
Super built-up Area,In 1 year,Mumbai,3 BHK,Brigade,998,1,1,111.01
Built-up Area,In 1 year,Hyderabad,3 BHK,Prestige,1321,3,0,110.16
Carpet Area,In 2 years,Bangalore,2 BHK,Prestige,2235,1,2,133.55
Super built-up Area,In 2 years,Bangalore,2 BHK,,1756,2,1,105.96
Built-up Area,Immediate Possession,Delhi,3 BHK,Sobha,2468,1,0,241.31
Built-up Area,In 1 year,Chennai,1 BHK,Prestige,726,1,1,30.52
Built-up Area,Ready To Move,Delhi,3 BHK,Prestige,1894,1,1,186.38
Built-up Area,In 2 years,Chennai,4 BHK,Sobha,2686,3,1,269.18
Built-up Area,Ready To Move,Mumbai,4 BHK,,1316,3,0,198.43
Plot Area,Ready To Move,Mumbai,2 BHK,Prestige,1973,3,2,153.53
Super built-up Area,In 1 year,Hyderabad,1 BHK,,1586,2,2,70.53
Plot Area,In 1 year,Chennai,1 BHK,Godrej,603,2,2,24.24
Carpet Area,In 2 years,Hyderabad,4 BHK,,2374,1,0,260.92
Built-up Area,In 1 year,Bangalore,3 BHK,Brigade,1370,2,2,124.06
Super built-up Area,In 1 year,Chennai,2 BHK,Brigade,1167,1,0,58.46
Built-up Area,In 1 year,Delhi,3 BHK,,2542,1,1,248.11
Super built-up Area,Ready To Move,Bangalore,3 BHK,Brigade,772,1,1,69.96
Plot Area,In 2 years,Bangalore,3 BHK,Godrej,1529,2,2,138.58
Super built-up Area,Immediate Possession,Delhi,1 BHK,Sobha,2731,3,0,142.56
Carpet Area,Ready To Move,Bangalore,4 BHK,Brigade,1551,2,1,187.49
Carpet Area,In 1 year,Chennai,1 BHK,Brigade,2073,1,0,83.54
Super built-up Area,Ready To Move,Hyderabad,4 BHK,,792,1,0,88.12
Super built-up Area,In 1 year,Bangalore,2 BHK,Godrej,2724,2,1,162.73
Super built-up Area,In 1 year,Chennai,2 BHK,Sobha,2605,1,0,130.91
Super built-up Area,Ready To Move,Mumbai,3 BHK,,1792,1,1,200.11
Carpet Area,In 2 years,Chennai,4 BHK,,807,2,1,81.52
Built-up Area,In 1 year,Hyderabad,4 BHK,Godrej,1476,2,1,164.02
Super built-up Area,In 2 years,Chennai,4 BHK,Sobha,1751,2,0,177.15
Super built-up Area,Immediate Possession,Delhi,3 BHK,Godrej,1770,1,1,173.41
Carpet Area,In 1 year,Hyderabad,3 BHK,Sobha,2017,1,0,167.58
Carpet Area,In 2 years,Mumbai,2 BHK,Godrej,2630,3,1,198.45
Plot Area,In 2 years,Delhi,1 BHK,,1709,3,1,89.86
Super built-up Area,Immediate Possession,Chennai,4 BHK,,2799,2,2,283.59
Plot Area,In 2 years,Hyderabad,4 BHK,Prestige,1878,3,2,208.91
Carpet Area,In 2 years,Mumbai,1 BHK,Brigade,2273,1,2,135.71
Carpet Area,Immediate Possession,Delhi,4 BHK,Godrej,2219,3,0,288.24
Built-up Area,In 1 year,Mumbai,3 BHK,Prestige,2542,1,0,286.01
Super built-up Area,In 2 years,Chennai,3 BHK,Brigade,1295,2,1,99.32
Plot Area,In 2 years,Mumbai,4 BHK,Godrej,1396,2,1,210.45
Carpet Area,In 2 years,Bangalore,3 BHK,Sobha,2461,1,1,219.77
Carpet Area,Ready To Move,Delhi,3 BHK,Brigade,709,3,1,70.45
Plot Area,Immediate Possession,Mumbai,4 BHK,,2994,2,0,450.1
Built-up Area,Ready To Move,Chennai,2 BHK,Prestige,1467,2,1,71.93
Carpet Area,Immediate Possession,Chennai,1 BHK,Brigade,971,3,1,40.36
Super built-up Area,In 1 year,Mumbai,3 BHK,Brigade,2917,3,2,328.65
Carpet Area,In 1 year,Chennai,2 BHK,,1422,1,1,69.76
Super built-up Area,In 2 years,Hyderabad,3 BHK,Godrej,636,3,1,55.57
Plot Area,Immediate Possession,Hyderabad,3 BHK,Sobha,866,3,1,71.89
Super built-up Area,In 1 year,Hyderabad,1 BHK,,683,3,0,30.88
Plot Area,Immediate Possession,Bangalore,3 BHK,Sobha,1898,1,2,170.64
Super built-up Area,In 1 year,Mumbai,1 BHK,Godrej,1036,1,1,62.66
Plot Area,Ready To Move,Bangalore,1 BHK,Brigade,2102,2,1,103.66
Super built-up Area,In 1 year,Chennai,1 BHK,Sobha,1773,1,2,70.22
Built-up Area,Ready To Move,Bangalore,2 BHK,Prestige,1596,2,1,96.45
Super built-up Area,In 1 year,Chennai,4 BHK,Prestige,1805,3,0,182.12
Super built-up Area,In 2 years,Chennai,2 BHK,,1415,2,1,70.88
Built-up Area,Ready To Move,Delhi,4 BHK,Godrej,651,2,0,85.31
Carpet Area,In 1 year,Hyderabad,4 BHK,,1528,3,0,170.17
Carpet Area,In 2 years,Chennai,1 BHK,,1718,2,1,68.96
Super built-up Area,Ready To Move,Delhi,3 BHK,,2477,1,2,241.67
Built-up Area,In 2 years,Hyderabad,1 BHK,Prestige,770,1,0,33.95
Super built-up Area,Immediate Possession,Chennai,3 BHK,Prestige,1686,1,2,126.85
Plot Area,Immediate Possession,Chennai,4 BHK,,959,1,1,96.64
Plot Area,Ready To Move,Bangalore,1 BHK,Prestige,604,2,0,30.58
Super built-up Area,In 1 year,Bangalore,3 BHK,Godrej,2210,2,1,201.84
Carpet Area,Ready To Move,Hyderabad,2 BHK,,2709,3,2,147.84
Carpet Area,In 2 years,Chennai,3 BHK,Prestige,2898,2,1,218.18
Super built-up Area,In 1 year,Mumbai,1 BHK,Sobha,933,2,1,55.62
Super built-up Area,Immediate Possession,Bangalore,2 BHK,,639,2,0,38.95
Plot Area,In 1 year,Hyderabad,3 BHK,,1994,3,1,166.89
Carpet Area,Immediate Possession,Chennai,3 BHK,Godrej,586,1,1,45.65
Super built-up Area,In 1 year,Chennai,3 BHK,Brigade,2211,2,1,168.07
Plot Area,In 1 year,Mumbai,3 BHK,Brigade,2730,3,0,309.86
Carpet Area,In 1 year,Hyderabad,3 BHK,Godrej,2915,3,2,241.81
Built-up Area,In 2 years,Chennai,2 BHK,Godrej,628,3,2,34.3
Plot Area,In 2 years,Bangalore,4 BHK,Godrej,1769,1,1,214.38
Carpet Area,Ready To Move,Mumbai,2 BHK,Brigade,2101,2,0,158.71
Carpet Area,Ready To Move,Hyderabad,2 BHK,Godrej,1169,3,1,66.97
Plot Area,Immediate Possession,Mumbai,2 BHK,Prestige,648,1,2,49.14
Built-up Area,In 2 years,Bangalore,4 BHK,,1484,3,0,180.99
Plot Area,Immediate Possession,Hyderabad,1 BHK,,1351,3,2,60.78
Carpet Area,Ready To Move,Mumbai,4 BHK,Sobha,1956,3,2,294.29
Super built-up Area,Immediate Possession,Delhi,2 BHK,Sobha,1127,3,0,73.64
Super built-up Area,Ready To Move,Bangalore,3 BHK,,1992,3,0,180.61
Plot Area,In 2 years,Bangalore,3 BHK,Prestige,2993,1,1,269.95
Carpet Area,In 1 year,Bangalore,2 BHK,Brigade,2544,2,1,152.69
Super built-up Area,In 2 years,Delhi,3 BHK,Brigade,1383,2,2,135.59
Carpet Area,Immediate Possession,Delhi,2 BHK,Prestige,2841,2,0,185.14
Plot Area,Immediate Possession,Chennai,3 BHK,Brigade,2288,2,0,171.52
Super built-up Area,In 2 years,Mumbai,4 BHK,Godrej,749,1,1,113.89
Carpet Area,In 2 years,Chennai,1 BHK,,1447,1,2,59.59
Super built-up Area,Ready To Move,Mumbai,1 BHK,,1474,1,2,89.97
Plot Area,Immediate Possession,Delhi,4 BHK,Prestige,1825,3,1,238.67
Carpet Area,Immediate Possession,Delhi,4 BHK,Brigade,1483,3,0,194.27
Super built-up Area,In 2 years,Chennai,2 BHK,Sobha,1388,3,1,69.84
Plot Area,In 1 year,Hyderabad,2 BHK,Sobha,2617,2,1,145.35
Super built-up Area,Immediate Possession,Chennai,2 BHK,Brigade,1374,3,1,70.37
Super built-up Area,In 1 year,Mumbai,3 BHK,Sobha,1826,2,1,209.27
Built-up Area,In 2 years,Chennai,2 BHK,Prestige,970,3,0,51.09
Built-up Area,In 2 years,Bangalore,4 BHK,Prestige,2487,2,1,299.76
Plot Area,Ready To Move,Mumbai,1 BHK,Brigade,590,3,0,36.86
Built-up Area,Immediate Possession,Mumbai,3 BHK,Sobha,1029,3,1,118.26
Plot Area,In 1 year,Hyderabad,2 BHK,Prestige,1160,1,2,63.38
Built-up Area,Ready To Move,Delhi,3 BHK,Prestige,1238,3,0,123.34
Super built-up Area,Immediate Possession,Mumbai,3 BHK,Godrej,1371,3,2,154.65
Plot Area,Ready To Move,Delhi,2 BHK,Godrej,2186,1,1,142.03
Plot Area,In 2 years,Chennai,3 BHK,Prestige,691,2,1,50.99
Super built-up Area,Immediate Possession,Bangalore,1 BHK,Brigade,2486,1,1,120.44
Plot Area,Ready To Move,Hyderabad,4 BHK,,2685,1,0,296.1
Plot Area,Ready To Move,Delhi,4 BHK,,844,2,2,110.16
Built-up Area,In 1 year,Mumbai,1 BHK,Prestige,1508,3,0,91.05
Plot Area,Ready To Move,Delhi,3 BHK,Prestige,702,2,0,70.82
Carpet Area,Immediate Possession,Mumbai,2 BHK,Prestige,1072,3,1,81.77
Super built-up Area,Immediate Possession,Delhi,3 BHK,Brigade,691,3,2,68.11
Built-up Area,In 1 year,Mumbai,1 BHK,Godrej,2552,2,1,156.04
Built-up Area,Immediate Possession,Chennai,3 BHK,Prestige,2413,1,0,180.82
Carpet Area,In 2 years,Mumbai,4 BHK,Prestige,2216,2,1,334.54
Super built-up Area,Immediate Possession,Mumbai,3 BHK,Sobha,810,3,2,91.47
Super built-up Area,Immediate Possession,Bangalore,1 BHK,Brigade,2603,2,1,125.59
Built-up Area,Ready To Move,Mumbai,4 BHK,Prestige,942,2,2,142.8
Plot Area,Ready To Move,Bangalore,3 BHK,Sobha,1760,3,2,159.84
Built-up Area,Immediate Possession,Hyderabad,3 BHK,,1369,1,1,113.69
Super built-up Area,In 1 year,Bangalore,4 BHK,Prestige,1084,2,0,130.54
Carpet Area,Ready To Move,Chennai,2 BHK,Prestige,2094,3,1,104.6
Built-up Area,In 1 year,Bangalore,4 BHK,Sobha,2037,3,0,247.41
Super built-up Area,Immediate Possession,Hyderabad,2 BHK,Brigade,859,2,0,47.77
Built-up Area,Immediate Possession,Chennai,1 BHK,Prestige,2223,1,1,89.71
Plot Area,In 2 years,Delhi,1 BHK,,2577,2,0,135.71
Built-up Area,Ready To Move,Delhi,4 BHK,Prestige,2302,1,0,300.07
Built-up Area,Immediate Possession,Bangalore,4 BHK,,2511,1,1,301.11
Super built-up Area,In 2 years,Bangalore,1 BHK,Godrej,2655,1,1,129.1
Super built-up Area,Ready To Move,Hyderabad,2 BHK,Godrej,1343,1,1,74.88
Super built-up Area,Immediate Possession,Hyderabad,1 BHK,,2125,2,0,94.7
Built-up Area,Immediate Possession,Mumbai,4 BHK,Brigade,1390,3,2,210.18
Plot Area,Ready To Move,Hyderabad,1 BHK,Prestige,2491,3,0,112.79
Carpet Area,Ready To Move,Mumbai,4 BHK,Prestige,2482,3,2,373.07
Carpet Area,Ready To Move,Chennai,4 BHK,Godrej,1459,3,1,147.82
Super built-up Area,Immediate Possession,Bangalore,1 BHK,,1968,3,2,95.44
Super built-up Area,Immediate Possession,Chennai,2 BHK,Prestige,1961,3,1,97.61
Built-up Area,In 2 years,Hyderabad,3 BHK,Prestige,1231,2,1,100.59
Carpet Area,In 1 year,Chennai,1 BHK,Brigade,1105,1,2,43.69
Super built-up Area,Ready To Move,Chennai,3 BHK,Sobha,1114,3,1,84.39
Plot Area,Immediate Possession,Chennai,1 BHK,Godrej,2504,2,2,103.33
Plot Area,Immediate Possession,Hyderabad,3 BHK,Godrej,2219,3,1,185.27
Super built-up Area,Ready To Move,Chennai,2 BHK,Sobha,1173,3,0,60.94
Super built-up Area,In 1 year,Mumbai,2 BHK,Prestige,1770,1,0,132.61
Carpet Area,Ready To Move,Hyderabad,1 BHK,Brigade,2087,1,1,92.39
Carpet Area,In 1 year,Chennai,4 BHK,Brigade,2111,1,1,213.91
Built-up Area,Immediate Possession,Hyderabad,3 BHK,Godrej,1396,3,2,115.46
Carpet Area,In 1 year,Delhi,4 BHK,Brigade,1962,3,0,257.02
Plot Area,In 2 years,Mumbai,4 BHK,Sobha,777,3,2,119.66
Plot Area,Immediate Possession,Chennai,4 BHK,Prestige,1051,1,1,106.57
Super built-up Area,In 2 years,Delhi,2 BHK,Sobha,2136,2,1,141.64
Carpet Area,Ready To Move,Delhi,1 BHK,,2658,3,2,139.93
Built-up Area,Ready To Move,Hyderabad,1 BHK,Godrej,2932,3,1,131.11
Plot Area,Ready To Move,Delhi,2 BHK,Brigade,1260,3,0,83.51
Plot Area,In 1 year,Mumbai,2 BHK,,1949,2,2,147.71
Built-up Area,Immediate Possession,Mumbai,1 BHK,Brigade,904,3,0,54.82
Built-up Area,Ready To Move,Bangalore,4 BHK,Prestige,1858,2,0,224.75
Plot Area,Ready To Move,Mumbai,3 BHK,Prestige,1732,3,0,196.64
Plot Area,Immediate Possession,Delhi,3 BHK,Prestige,521,2,2,51.86
Built-up Area,Ready To Move,Mumbai,3 BHK,Brigade,1177,3,1,135.66
Plot Area,In 2 years,Hyderabad,4 BHK,,2528,1,0,278.31
Super built-up Area,Immediate Possession,Bangalore,1 BHK,Prestige,1731,1,0,84.8
Super built-up Area,Immediate Possession,Delhi,2 BHK,,2555,1,0,167.88
Built-up Area,Immediate Possession,Bangalore,1 BHK,Brigade,2308,1,1,112.14
Carpet Area,In 2 years,Delhi,4 BHK,,1028,3,1,134.17
Built-up Area,Immediate Possession,Hyderabad,2 BHK,Brigade,2537,1,2,140.39
Built-up Area,In 2 years,Bangalore,4 BHK,Brigade,2176,2,1,264.08
Carpet Area,Immediate Possession,Chennai,3 BHK,Godrej,1156,1,2,85.38
Carpet Area,In 1 year,Delhi,3 BHK,Brigade,665,1,2,65.15
Carpet Area,Ready To Move,Chennai,4 BHK,Brigade,1348,1,2,136.46
Super built-up Area,In 1 year,Bangalore,2 BHK,Sobha,995,3,2,61.08
Plot Area,Ready To Move,Chennai,2 BHK,Prestige,1089,1,2,55.76
Super built-up Area,In 2 years,Chennai,1 BHK,Godrej,928,2,0,39.53
Plot Area,In 1 year,Bangalore,3 BHK,Godrej,662,1,1,60.31
Super built-up Area,Immediate Possession,Hyderabad,1 BHK,Godrej,2913,1,0,129.18
Plot Area,Ready To Move,Chennai,1 BHK,Sobha,1762,1,2,71.07
Super built-up Area,Ready To Move,Chennai,4 BHK,Brigade,571,2,1,58.4
Carpet Area,In 1 year,Hyderabad,4 BHK,Prestige,1154,1,0,129.54
Built-up Area,In 2 years,Chennai,1 BHK,,768,2,0,31.66
Super built-up Area,In 1 year,Chennai,3 BHK,Brigade,2276,2,2,171.35
Plot Area,In 2 years,Chennai,4 BHK,Sobha,2962,1,0,297.74
Carpet Area,In 2 years,Mumbai,1 BHK,Brigade,1768,2,0,106.24
Super built-up Area,Ready To Move,Hyderabad,1 BHK,Brigade,1515,3,0,67.55
Super built-up Area,In 1 year,Chennai,1 BHK,Sobha,1583,1,0,63.21
Carpet Area,In 1 year,Hyderabad,1 BHK,Godrej,505,1,0,22.46
Super built-up Area,In 2 years,Delhi,1 BHK,Godrej,1481,2,2,77.8
Built-up Area,In 1 year,Delhi,1 BHK,Prestige,906,2,2,48.81
Super built-up Area,Immediate Possession,Chennai,4 BHK,Prestige,2453,1,0,245.46
Built-up Area,Immediate Possession,Hyderabad,3 BHK,Godrej,2573,3,2,214.51
Built-up Area,In 1 year,Hyderabad,1 BHK,,1485,2,2,67.2
Carpet Area,In 1 year,Hyderabad,2 BHK,Brigade,889,2,1,49.24
Super built-up Area,In 2 years,Mumbai,4 BHK,,1209,3,0,183.69
Carpet Area,Immediate Possession,Delhi,4 BHK,Brigade,1971,3,2,258.66
Super built-up Area,Immediate Possession,Hyderabad,1 BHK,Godrej,1253,1,2,53.87
Super built-up Area,Ready To Move,Hyderabad,4 BHK,Prestige,2693,3,0,298.02
Plot Area,In 2 years,Mumbai,1 BHK,Prestige,1911,1,1,114.65
Super built-up Area,Ready To Move,Mumbai,3 BHK,,1772,3,0,202.15
Carpet Area,Immediate Possession,Hyderabad,3 BHK,Prestige,1025,2,1,85.05
Built-up Area,In 2 years,Bangalore,4 BHK,Godrej,1985,1,0,237.36
Super built-up Area,In 1 year,Hyderabad,4 BHK,,2560,1,0,282.07
Plot Area,In 2 years,Hyderabad,2 BHK,Brigade,2931,1,0,160.81
Carpet Area,In 1 year,Mumbai,4 BHK,Prestige,1055,3,0,160.6
Super built-up Area,In 1 year,Mumbai,2 BHK,Sobha,518,2,1,39.04
Carpet Area,In 2 years,Hyderabad,3 BHK,Prestige,1074,1,1,89.09
Plot Area,In 1 year,Hyderabad,3 BHK,Brigade,1503,1,2,126.04
Plot Area,Ready To Move,Hyderabad,1 BHK,,2966,1,0,132.1
Carpet Area,Immediate Possession,Mumbai,3 BHK,Brigade,2966,1,1,334.65
Super built-up Area,In 1 year,Hyderabad,2 BHK,Sobha,2438,2,1,134.96
Built-up Area,Ready To Move,Hyderabad,4 BHK,Godrej,2439,3,1,270.17
Plot Area,In 1 year,Chennai,1 BHK,Prestige,2135,2,0,87.09
Super built-up Area,Immediate Possession,Bangalore,2 BHK,,2198,1,2,131.39
Super built-up Area,Ready To Move,Delhi,4 BHK,Godrej,2669,2,1,348.82
Built-up Area,Immediate Possession,Bangalore,1 BHK,Brigade,931,1,0,44.09
Plot Area,Immediate Possession,Chennai,3 BHK,,2591,3,1,196.4
Plot Area,Ready To Move,Delhi,2 BHK,Godrej,2395,3,1,156.07
Super built-up Area,Ready To Move,Hyderabad,4 BHK,,2443,3,2,272.19
Super built-up Area,Ready To Move,Chennai,1 BHK,Sobha,1840,1,1,74.86
Built-up Area,In 2 years,Hyderabad,1 BHK,Sobha,2928,2,1,128.28
Built-up Area,Ready To Move,Mumbai,3 BHK,Prestige,644,3,0,73.95
Plot Area,Ready To Move,Chennai,4 BHK,Prestige,2910,1,0,290.98
Carpet Area,Ready To Move,Mumbai,3 BHK,Sobha,1573,1,2,176.82
Plot Area,Ready To Move,Chennai,3 BHK,,1588,2,0,120.25
Super built-up Area,In 1 year,Chennai,4 BHK,Sobha,2902,3,0,290.77
Plot Area,In 2 years,Mumbai,4 BHK,Prestige,1299,1,2,196.11
Carpet Area,Immediate Possession,Delhi,4 BHK,Sobha,1651,2,1,216.33
Built-up Area,Ready To Move,Bangalore,2 BHK,Sobha,2945,3,2,178.55
Carpet Area,In 1 year,Hyderabad,4 BHK,,2456,2,0,271.14
Carpet Area,In 1 year,Chennai,1 BHK,Godrej,962,2,2,40.14
Carpet Area,In 1 year,Hyderabad,3 BHK,Prestige,2274,1,1,188.9
Built-up Area,Immediate Possession,Mumbai,2 BHK,,2545,1,2,191.83
Carpet Area,Ready To Move,Hyderabad,4 BHK,Sobha,1307,1,0,142.96
Carpet Area,In 2 years,Mumbai,2 BHK,Sobha,686,2,0,51.66
Carpet Area,In 2 years,Hyderabad,4 BHK,Godrej,2243,1,2,246.96
Super built-up Area,In 1 year,Bangalore,2 BHK,Prestige,1231,2,1,73.38
Carpet Area,Immediate Possession,Bangalore,3 BHK,Prestige,2435,2,2,220.37
Built-up Area,Immediate Possession,Bangalore,3 BHK,Brigade,1713,1,1,156.08
Carpet Area,Immediate Possession,Bangalore,1 BHK,Prestige,1911,3,1,94.48
Carpet Area,In 2 years,Bangalore,1 BHK,Godrej,928,3,2,46.78
Built-up Area,In 1 year,Bangalore,4 BHK,Brigade,1807,3,1,219.07
Carpet Area,Ready To Move,Mumbai,3 BHK,Brigade,2784,2,0,316.42
Built-up Area,In 2 years,Chennai,2 BHK,Sobha,1717,2,2,87.69
Carpet Area,In 1 year,Hyderabad,2 BHK,Sobha,1810,2,1,101.48
Built-up Area,In 1 year,Bangalore,2 BHK,Prestige,1270,1,0,75.26
Carpet Area,Ready To Move,Mumbai,1 BHK,Brigade,1257,2,2,77.75
Carpet Area,Ready To Move,Mumbai,2 BHK,Sobha,635,1,0,48.52
Super built-up Area,Ready To Move,Mumbai,1 BHK,Godrej,1291,1,0,77.88
Super built-up Area,Immediate Possession,Chennai,1 BHK,Sobha,670,3,0,27.97
Carpet Area,Ready To Move,Hyderabad,4 BHK,Sobha,2706,3,1,298.61
Carpet Area,In 1 year,Chennai,2 BHK,Brigade,2748,3,2,140.16
Plot Area,Ready To Move,Delhi,2 BHK,Brigade,2080,1,2,135.67
